# Pages
Redirect      permanent /application-development     http://ideum.com/our-story/software-initiatives
Redirect      permanent /about-us                    http://ideum.com/our-story
Redirect      permanent /about                       http://ideum.com/our-story
Redirect      permanent /inquiry                     http://ideum.com/contact
Redirect      permanent /contact-us                  http://ideum.com/contact
Redirect      permanent /multitouch                  http://ideum.com/touch-tables
RedirectMatch permanent ^/products/?$                http://ideum.com/touch-tables

# Products

## Coffee Tables
Redirect permanent /coffee-tables http://ideum.com/touch-tables/platform-coffee

## Platform
Redirect      permanent /redefined                       http://ideum.com/touch-tables/platform
RedirectMatch permanent /products/multitouch/platform/.* http://ideum.com/touch-tables/platform
Redirect      permanent /products/multitouch/platform    http://ideum.com/touch-tables/platform

## Drafting Tables
Redirect permanent /drafting-touchtable http://ideum.com/touch-tables/platform-drafting

## Pro & Pro Lab
RedirectMatch permanent /products/multitouch/professional/.* http://ideum.com/touch-tables/pro
Redirect      permanent /products/multitouch/professional    http://ideum.com/touch-tables/pro
RedirectMatch permanent /products/multitouch/pro-lab/.*      http://ideum.com/touch-tables/pro
Redirect      permanent /products/multitouch/pro-lab         http://ideum.com/touch-tables/pro

## Pano
RedirectMatch permanent /products/multitouch/pano/.* http://ideum.com/touch-tables/pano
Redirect      permanent /products/multitouch/pano    http://ideum.com/touch-tables/pano

## Presenter
RedirectMatch permanent /touch-walls/presenter-46/.* http://ideum.com/touch-walls/presenter
Redirect      permanent /touch-walls/presenter-46    http://ideum.com/touch-walls/presenter
RedirectMatch permanent /touch-walls/presenter-55/.* http://ideum.com/touch-walls/presenter
Redirect      permanent /touch-walls/presenter-55    http://ideum.com/touch-walls/presenter
RedirectMatch permanent /touch-walls/presenter-65/.* http://ideum.com/touch-walls/presenter
Redirect      permanent /touch-walls/presenter-65    http://ideum.com/touch-walls/presenter

## Support
Redirect      permanent /hardware-support/           http://ideum.com/customer-support/

# Projects
#Redirect      permanent /custom-exhibits             http://ideum.com/blog/ideum_project
#Redirect      permanent /interactive-exhibits        http://ideum.com/blog/ideum_project
#Redirect      permanent /media-web-design            http://ideum.com/blog/ideum_project
#Redirect      permanent /monterey                    http://ideum.com/blog/ideum_project/aquarium_multitouch_wall
#Redirect      permanent /ideum_project               http://ideum.com/blog/ideum_project
#Redirect      permanent /portfolio                   http://ideum.com/blog/ideum_project

Redirect      permanent /custom-exhibits             http://ideum.com/creative-services
Redirect      permanent /interactive-exhibits        http://ideum.com/creative-services
Redirect      permanent /media-web-design            http://ideum.com/creative-services
Redirect      permanent /monterey                    http://ideum.com/creative-services/aquarium_multitouch_wall
Redirect      permanent /ideum_project               http://ideum.com/creative-services
Redirect      permanent /portfolio                   http://ideum.com/creative-services

## Archives
Redirect      permanent /category                    http://ideum.com/blog/category
Redirect      permanent /tag                         http://ideum.com/blog/tag
